id_expo,nombre_expo,fecha_ini,fecha_fin,ano,espacio,artistas,curadores,apoyan_auspicia,tipo,confianza,fuente_url,notas,modalidad,pieza_cactus
ex.831,Artist Talking Back to the Media,2016-11-11,2016-11-14,2016,Casa Obeso Mejía,,,LIMA; De Appel,presencial,media,https://web.archive.org/web/20161115/http://museolatertulia.org/exposicion/artist-talking-back-to-the-media,Ausente en la base 07/2016,,
ex.832,Universo Holograma,2017-03-30,2017-07-16,2017,"Sala Maritza Uribe de Urdinola, Sala Subterránea","Benoit Pype, Bernardo Oritz, Carlos Motta, François Bucher, Fabien Giraud, Raphael Siboni, John Mario Ortiz, Julien Prévieux, Kader Attia, Laurent Grasso",,,presencial,media,https://web.archive.org/web/20171229/https://museolatertulia.com/museo/exposiciones/universo-holograma,Lista de artistas truncada en la captura; 'Oritz' tal como aparece,,
ex.833,Casa Liminal,2017-06-22,2017-08-05,2017,Casa Obeso Mejía,Erick Beltrán,Lina López,,presencial,alta,https://web.archive.org/web/20180510/https://museolatertulia.com/museo/exposiciones/casa-liminal,,,
ex.834,Karen Lamassonne. Desnuda astucia del deseo,2017-08-10,2017-11-19,2017,Sala Maritza Uribe de Urdinola,Karen Lamassonne,Andrés Matute Echeverri,,presencial,alta,https://web.archive.org/web/20170917/https://museolatertulia.com/museo/exposiciones/desnuda-astucia,Fecha = inauguración,,EXPOSICIONES 2017/Karen Lamassone/Piezas/Camisetas.ai; EXPOSICIONES 2017/Carlos Amorales/Piezas/Programa de mano
ex.835,La guerra que no hemos visto. Un proyecto de memoria histórica,,,,,,,,presencial,baja,https://web.archive.org/web/20170911/https://museolatertulia.com/museo/exposiciones/la-guerra-que-no-hemos-visto-un-proyecto-de-memoria-historica,Sin fechas en la captura (sept. 2017),,
ex.836,El mundo según Mafalda,2017-10-05,2017-11-05,2017,Casa Obeso Mejía,,,Barrilete,presencial,media,https://web.archive.org/web/20171006/https://museolatertulia.com/museo/exposiciones/el-mundo-segun-mafalda,,,
ex.837,Es arriba es abajo,2017-10-19,2018-01-14,2017,,Mariángela Aponte,,,presencial,alta,https://web.archive.org/web/20171102/https://museolatertulia.com/museo/exposiciones/es-arriba-es-abajo,,,
ex.838,Jugar al museo. Un museo dentro del museo,2017-11-25,2018-09,2017,,,,,sala didáctica,media,https://web.archive.org/web/20171221/https://museolatertulia.com/museo/exposiciones/jugar-al-museo-museo-dentro-del-museo,,,
ex.839,Carlos Amorales. Herramientas de trabajo,2017-12-15,2018-04-01,2017,Sala Subterránea,Carlos Amorales,,,presencial,alta,https://web.archive.org/web/20171220/https://museolatertulia.com/museo/exposiciones/carlos-amorales-herramientas-trabajo,"Las piezas anuncian cierre el 1 de abril y, en otra versión, el 19 de junio de 2018 (posible prórroga)",,EXPOSICIONES 2017/Carlos Amorales/Piezas
ex.840,¡Oído Pueblo! Ritmo y economía en Cali,2017-12-14,2018-06-10,2017,"Edificio de la Colección, segundo piso","Julio Giraldo, Luis Ospina, Carlos Mayolo, Camila Rodríguez, Lina Hincapié, Breyner Huertas, Mónica Restrepo, Felipe Leal, Carolina Charry, Vanessa Ortiz, Carolina Torres, Carolina Navas, Nois Radio","Ericka Flórez Hidalgo, Alejandro Martín Maldonado",,presencial,alta,https://web.archive.org/web/20180210/https://museolatertulia.com/museo/exposiciones/oido-pueblo,"Una pieza temprana dice 'hasta el 3 de marzo'; la posterior, 10 de junio de 2018. Alejandro Martín figura como curador del Museo",,EXPOSICIONES 2017/Oido pueblo/Piezas/Programa de mano
ex.841,En Cauce,2017-12-14,2018-01-14,2017,Jardines del museo,,"Alberto Campuzano, Lorena Díez",Celsia,espacio público,alta,https://web.archive.org/web/20171209/https://museolatertulia.com/museo/exposiciones/en-cauce-programa-c-de-celsia,Programa C de Celsia,,"EXPOSICIONES 2017/En Cauce (invitación, inauguración 14 dic. 2017)"
ex.842,Costurero Viajero,2018-02-14,2018-04-26,2018,Casa Obeso Mejía,Artesanal Tecnológica,,Universidad Icesi,presencial,alta,https://web.archive.org/web/20180218/https://museolatertulia.com/museo/exposiciones/costurero-viajero,,,Exposiciones 2018/Costutero viajero
ex.843,No todos los amores de Platón fueron imposibles,2018-03-08,2018-05,2018,,Sonnia Yepez,,,presencial,alta,https://web.archive.org/web/20180320/https://museolatertulia.com/museo/exposiciones/no-todos-los-amores-platon-fueron-imposibles-sonnia-yepez,,,
ex.844,De frente me escondo. Powerpaola,2018-05-05,2018-07-15,2018,Sala Maritza Uribe de Urdinola,Powerpaola,"Andrés Fresneda, Juan Pablo Fajardo, Alejandro Martín",,presencial,alta,https://web.archive.org/web/20180511/https://museolatertulia.com/museo/exposiciones/frente-me-escondo-power-paola,,,
ex.845,(El otro lado de la) Carretera al mar,2018-08-09,2018-11-12,2018,Sala Maritza Uribe de Urdinola,,Equipo Museo La Tertulia,,presencial,alta,https://web.archive.org/web/20181009/https://museolatertulia.com/museo/exposiciones/lado-la-carretera-al-mar,Artistas: 'varios',colectiva,
ex.846,"Allá nos veremos, sin sombra y sin faz",2018-08-14,2018-09-30,2018,Sala Subterránea,"Adriana Ciudad, Nidia Góngora, C. S. Prince",,,presencial,alta,https://web.archive.org/web/20181010/https://museolatertulia.com/museo/exposiciones/alla-nos-veremos-sin-sombra-sin-faz,Proyecto Alabaos,,Exposiciones 2018/Adriana Ciudad
ex.847,Las populares Gráficas Molinari,2018-09-01,2019-02,2018,,Gráficas Molinari,,,presencial,media,https://web.archive.org/web/20181023/https://museolatertulia.com/museo/exposiciones/las-populares-graficas-molinari,,,
ex.848,Savia Solaris,2018-09-01,2018-11-12,2018,Sala Alterna,Carolina Charry,Ximena Gama,Celsia,presencial,alta,https://web.archive.org/web/20181004/https://museolatertulia.com/museo/exposiciones/savia-solaris-carolina-charry,Otra captura da cierre 2018-10-28. Programa C de Celsia,,Exposiciones 2018/Programa C/CAROLINA CHARRY/Invitación
ex.849,"Augusto Rivera, el gran ausente",2018-10-10,2018-10-19,2018,Sala Subterránea,Augusto Rivera,,Universidad del Valle,presencial,media,https://web.archive.org/web/20181010/https://museolatertulia.com/museo/exposiciones/augusto-rivera-gran-ausente,"Inferencia: la pieza de la carpeta 'Antonio Dorado' (instalación, 10–19 oct. 2018, Sala Subterránea, Univalle) coincide en fechas; Antonio Dorado figura en 'concepción y dirección'",,Exposiciones 2018/Antonio Dorado
ex.850,World Press Photo 2018,2018-10-18,2018-11-08,2018,,,,World Press Photo,itinerante,media,https://web.archive.org/web/20181010/https://museolatertulia.com/museo/exposiciones/world-press-photo-2018,,colectiva,
ex.851,Abandonen toda esperanza,2018-11-07,2019-02-10,2018,Sala Subterránea,José Alejandro Restrepo,Iván Tovar,,presencial,alta,https://web.archive.org/web/20181113/https://museolatertulia.com/museo/exposiciones/abandonen-toda-esperanza,,,Exposiciones 2018/Abandonen Toda Esperanza
ex.852,Reserva abierta. ¿Por fin Cali sabrá lo que tiene?,2018-12-13,2019-03-13,2018,,,,,colección,media,https://web.archive.org/web/20190213/https://museolatertulia.com/museo/exposiciones/reserva-abierta,,colectiva,
ex.853,Trazar el umbral,2018-12-13,2019-03-24,2018,,Juan Guillermo Tamayo,Olga C. Eusse González,Celsia,presencial,alta,https://web.archive.org/web/20190213/https://museolatertulia.com/museo/exposiciones/trazar-umbral-juan-guillermo-tamayo,Otra captura da cierre 2019-03-03. Programa C de Celsia,,
ex.854,Aula Flexible. Sala Taller,2018-12-15,2019-03-13,2018,"Edificio de la Colección, primer piso",,Equipo Museo La Tertulia,Secretaría de Cultura de Cali,sala didáctica,alta,https://web.archive.org/web/20190204/https://museolatertulia.com/museo/exposiciones/aula-flexible-sala-taller,,colectiva,
ex.855,"El carácter de la tradición en la arquitectura de Barney, Távora, Coderch",2019-05-09,2019-07,2019,Sala Maritza Uribe de Urdinola,"Benjamín Barney, Fernando Távora, José Antonio Coderch","Andrés Felipe Erazo Barco, Antonio Armesto Aira, Manuel Augusto Mendes Soares",,presencial,alta,https://web.archive.org/web/20190525/https://museolatertulia.com/museo/exposiciones/caracter-la-tradicion-la-arquitectura-barney-tavora-coderch,Sin fechas; captura mayo 2019. Curadores: autores de la propuesta itinerante; las piezas anuncian 'conferencias con los curadores',,Exposiciones 2019/El Carácter de la Tradición; Exposiciones 2018/Sticker programación/MAYO
ex.856,Srape Pøtø Tul-yu. El último círculo,2019,2019-07,2019,,Julieth Morales,,Celsia,presencial,media,https://web.archive.org/web/20190525/https://museolatertulia.com/museo/exposiciones/srape-poto-tul-yu-ultimo-circulo-julieth-morales,Sin fechas; captura mayo 2019. Programa C de Celsia,,Exposiciones 2018/Sticker programación/MAYO ('hasta julio 2019')
ex.857,Exposición ganadores BLOC 2018,2019-07-11,,2019,"Sala Subterránea, Sala Alterna","Vanessa Ortiz, Herlyng Ferla","Éricka Flórez, Johan Samboní",Lugar a Dudas,presencial,alta,https://web.archive.org/web/20190714/https://museolatertulia.com/museo/exposiciones/exposicion-ganadores-bloc-2018,"Sin fechas; captura julio 2019. Herlyng Ferla (Sala Subterránea, cur. Éricka Flórez) y Vanessa Ortiz (Sala Alterna, cur. Johan Samboní)",,Exposiciones 2019/Bloc 2019/INVITACION GANADORES BLOC
ex.858,La unión que separa las cosas. BLOC 2018,2019-04-25,,2019,Sala Subterránea,"Esteban López, Christian Velásquez",,Lugar a Dudas,presencial,media,https://web.archive.org/web/20190715/https://museolatertulia.com/museo/exposiciones/la-union-separa-las-cosas,"Finalistas BLOC 2018, sin nombres en la captura. Muestra de finalistas; la lista de nombres en la pieza está cortada. Reabre el 22 de junio de 2019 en el segundo piso",,Exposiciones 2019/Bloc 2019; Banner 2019/Bloc 2019
ex.859,El Testigo,2019-09,2020-03-01,2019,Edificio de la Colección,Jesús Abad Colorado,María Belén Sáez de Ibarra,,itinerante,alta,https://web.archive.org/web/20190817/https://museolatertulia.com/museo/exposiciones/el-testigo,Sin fechas; captura agosto 2019. Temporada 'Luz para la memoria',,Exposiciones 2019/Luz de memoria/EL TESTIGO
ex.860,"Manglaria. Raíces, vínculos y sujeciones",2019-08-15,,2019,Casa Obeso Mejía,"Fabio Melecio Palacios, Henry Salazar",,Semillero de Investigación Litoralidades,presencial,alta,https://web.archive.org/web/20190817/https://museolatertulia.com/museo/exposiciones/manglaria,Sin fechas; captura agosto 2019,,Exposiciones 2019/Manglaria
ex.861,Bifurcaciones. Trayectos y cruces de una generación,2019-09,,2019,Sala Maritza Uribe de Urdinola,,,Embajada de Suiza en Colombia; Ministerio de Cultura,presencial,media,https://web.archive.org/web/20190915/https://museolatertulia.com/museo/exposiciones/bifurcaciones,Premio Nacional Colombo Suizo de Fotografía; captura sept. 2019,colectiva,Exposiciones 2019/Luz de memoria/Museo de puertas abiertas
ex.862,Voces para transformar a Colombia,2019-09-26,2019-10-27,2019,,,,Museo de Memoria de Colombia,itinerante,media,https://web.archive.org/web/20191018/https://museolatertulia.com/museo/exposiciones/voces-transformar-colombia,,colectiva,Exposiciones 2019/Luz de memoria/VOCES
ex.863,Fractales,2019-09,,2019,Sala Alterna,Mónica Vilá,,Celsia,presencial,alta,https://web.archive.org/web/20191019/https://museolatertulia.com/museo/exposiciones/fractales,Sin fechas; captura oct. 2019. Programa C de Celsia,,Exposiciones 2019/Luz de memoria
ex.864,Sala Abierta. Acciones para la memoria y la reconciliación,2019-11,2020-03,2019,,,,,programa,media,https://web.archive.org/web/20191117/https://museolatertulia.com/museo/exposiciones/sala-abierta-acciones-para-la-memoria-y-la-reconciliacion,Captura nov. 2019,,"Exposiciones 2019/SALA ABIERTA Arte, memoria y reconciliación"
ex.865,El ruido del silencio,2019-12-17,2020-02-28,2019,,Diego Hernández,Adriana Castellanos Olmedo,Celsia,presencial,alta,https://web.archive.org/web/20200621/https://museolatertulia.com/museo/exposiciones/ruido-del-silencio-diego-hernandez-programa-c-celsia,Programa C de Celsia,,Exposiciones 2019/Programa C
ex.866,María Thereza Negreiros y 16 mujeres artistas de su generación,2020-03-24,,2020,,María Thereza Negreiros,Miguel González,,presencial,alta,https://web.archive.org/web/20220119/https://museolatertulia.com/exposicion-hijas-del-agua/,"Fecha tomada del listado de la web (2020-03-24). Inauguración virtual 24 mar. 2020 (#MuseoEnCasa); otra pieza anuncia cóctel en el Club Campestre de Cali, 18 dic. 2020, curaduría Miguel González",colectiva,2020/EXPOSICIONES 2020/Maria Thereza Negreiros
ex.867,Celeste,2020-05-07,,2020,,Solimán López,,Parque Explora; Planetario de Bogotá; Casa de América,virtual,media,https://web.archive.org/web/20200621/https://museolatertulia.com/museo/destacados/instalacion-celeste,Instalación multimedia en línea,,
ex.868,UMBRAL adentro,2020-05-28,2020-06-11,2020,,"Mario Alvarez, Tatiana Cañón, Idamo Correal, Tatiana Díaz, Angélica Franco, Luisa Gallo, María Adelaida Garavito Velásquez, Natalia García, Sebastián García, María José González, Miguel Ángel Gutiérrez, Yaví Leal, Luisa Fernanda Moreno Osuna, Alexander Mueses, Mariana Ortíz Navarro, Luisa Rivera, Tomás Rubio, Paula Rodríguez, Stefany Ordóñez",,Universidad El Bosque,virtual,alta,https://web.archive.org/web/20200621/https://museolatertulia.com/museo/exposiciones/umbral-adentro,,,
ex.869,Impulsive Habitat. Sonidos para una cuarentena,2020,,2020,,,David Vélez,,virtual,media,https://web.archive.org/web/20200815/https://museolatertulia.com/museo/exposiciones/impulsive-habitat,Compilación sonora en ocho sesiones,,
ex.870,Casa Ocupada. La colección cruza el puente,2019-12-17,,2019,Casa Obeso Mejía,,,,colección,alta,https://web.archive.org/web/20200621/https://museolatertulia.com/museo/exposiciones/casa-ocupada-coleccion-museo-la-tertulia,Sin fechas; captura junio 2020,colectiva,CUADERNILLO PROGRAMACION/PROGRAMACIÓN DIC 2019
ex.871,Cuando nace el sonido,2020-07-15,,2020,,,,,presencial,baja,https://web.archive.org/web/20220119/https://museolatertulia.com/category/exposiciones/,Solo título y fecha en listado,,
ex.872,Sigo esperando,2020-08-29,2020-12-05,2020,Exteriores del museo,,,Kadist; Espacio Odeón,espacio público,media,https://web.archive.org/web/20201022/https://museolatertulia.com/museo/destacados/sigo-esperando,"Ciclo de video-arte; sesiones 29 ago, 10 oct, 5 dic",colectiva,
ex.873,El resplandor del desastre,2020-10-01,,2020,Jardines del museo,Stephanie Montes,,,espacio público,alta,https://web.archive.org/web/20201025/https://museolatertulia.com/museo/exposiciones/el-resplandor-del-desastre-stephanie-montes,,,
ex.874,Proyecciones para el Sereno,2020-10-09,,2020,Jardines del museo,Línea Roja Producciones,,,espacio público,media,https://web.archive.org/web/20201025/https://museolatertulia.com/museo/exposiciones/proyecciones-para-el-sereno,,,
ex.875,La escuela del desencanto,2020-10-10,,2020,Sala Alterna,Catalina Jaramillo Quijano,Luz Adriana Hoyos,Celsia,presencial,alta,https://web.archive.org/web/20201025/https://museolatertulia.com/museo/exposiciones/la-escuela-del-desencanto-catalina-jaramillo,Programa C de Celsia. Inauguración prevista el 24 mar. 2020; se realizó el 10 oct. 2020. Programa C de Celsia,,2020/EXPOSICIONES 2020/Programa C/Catalina Jaramillo
ex.876,Máquina monumental,2020-10-10,,2020,"Edificio de la Colección, segundo piso",,,,presencial,media,https://web.archive.org/web/20201025/https://museolatertulia.com/museo/exposiciones/maquina-monumental,En listado aparece también como 'Mecánica Monumental',,
ex.877,Manual de instrucciones,2020-10-10,,2020,"Edificio de la Colección, primer piso",,,Secretaría de Cultura de Cali,presencial,media,https://web.archive.org/web/20220119/https://museolatertulia.com/una-piedra-en-el-camino,Solo título y fecha en listado. Estímulos Cali 2020,,2020/EXPOSICIONES 2020/Manual de instrucciones
ex.878,Subterránea 2020,2020,,2020,,Acumulaciones Taller,,,presencial,media,https://web.archive.org/web/20210302/https://museolatertulia.com/museo/destacados/subterranea-2020,Exposición de la Feria Gráfica Subterránea,colectiva,
ex.879,Amanecer. BLOC 2020,2021-01,2021-03,2021,Sala Alterna,Paula Solarte,,Lugar a Dudas,presencial,alta,https://web.archive.org/web/20210303/https://museolatertulia.com/museo/destacados/amanecer-bloc-2020,Sin fechas; captura marzo 2021,,2021/Exposiciones 2021/Amanecer - Sala Alterna/Folleto
ex.880,Barrio Adentro,,,,Casa Obeso Mejía,,,Fundación Bolívar Davivienda; Gases de Occidente; Biblioteca Pública Centro Cultural Comuna 1,comunitaria,media,https://web.archive.org/web/20210302/https://museolatertulia.com/museo/destacados/barrio-adentro,Sin fechas; captura marzo 2021,,
ex.881,El ataque del presente contra el resto de los tiempos,2021-02-06,2021-04-18,2021,Sala Maritza Uribe de Urdinola,"Claudia Patricia Sarria Macías, Jose Ruiz Díaz, Laura Campaz, Juan Mejía, Colectivo Monómero, Dayana Camacho, Johan Samboní, Camilo Restrepo, Carolina Charry, Miguel Escobar, Ana María Millán",Alejandro Martín,,presencial,alta,https://web.archive.org/web/20210302/https://museolatertulia.com/museo/destacados/el-ataque-del-presente-contra-el-resto-de-los-tiempos,Segunda parte anunciada 2021-06-30,,2021/Exposiciones 2021/El ataque de los tiempos
ex.882,VI Salón BAT de Arte Popular,2021-04-22,2021-07-04,2021,Casa Obeso Mejía,Pablo Wilson Córdoba Saa,,BAT,itinerante,alta,https://web.archive.org/web/20210508/https://museolatertulia.com/museo/destacados/vi-salon-bat-de-arte-popular,67 piezas; solo un autor nombrado en el extracto,colectiva,2021/Salón BAT - Arte Popular
ex.883,Una piedra en el camino,2021-09-24,,2021,,,,,presencial,baja,https://web.archive.org/web/20220119/https://museolatertulia.com/category/exposiciones/,Solo título y fecha en listado,,
ex.884,"Wilson Díaz. Gusto y conflicto, motivos para coleccionar",2021-09-25,,2021,Sala Maritza Uribe de Urdinola,Wilson Díaz,,,presencial,alta,https://web.archive.org/web/20230327/https://archivo.museolatertulia.com/museo/destacados/wilson-diaz-gusto-y-conflicto-motivos-para-coleccionar,,,
ex.885,Manolo Lago. El entusiasmo de una idea,2021-11,,2021,Casa Obeso Mejía,Manuel Lago Franco,"Lina Saavedra de La Cruz, Adriana Castellanos Olmedos, Pavel Andrés Vernaza Ortiz",,presencial,alta,https://web.archive.org/web/20250215/https://museolatertulia.com/manolo-lago-el-entusiasmo-de-una-idea,Fecha = publicación (2021-11-29); Vernaza: asistente de curaduría. La invitación anuncia inauguración el 25 abr. 2020 en la Casa Obeso Mejía; la web la publica en nov. 2021 (inferencia: aplazada por la pandemia),,2020/EXPOSICIONES 2020/Manolo Lago/Marca Manolo Lago.ai
ex.886,La esquina del barrio,2021-12,,2021,,"Johan Samboní, Sergio Lasso Estudio, Colectivo Deúniti","Eva Parra, Carlos Uribe",Fundación SURA; Museo de Antioquia,presencial,alta,https://web.archive.org/web/20250215/https://museolatertulia.com/la-esquina-del-barrio,Fecha = publicación (2021-12-23),,
ex.887,Hijas del Agua,,,,,"Ruvén Afanador, Ana González",,,presencial,baja,https://web.archive.org/web/20220119/https://museolatertulia.com/category/exposiciones/,Solo título y descripción en listado (captura ene. 2022),,
ex.888,Transición. Cuarto Salón de Arte Contemporáneo del Pacífico,,,,,,,,salón,baja,https://web.archive.org/web/20220119/https://museolatertulia.com/category/exposiciones/,Captura ene. 2022,colectiva,
ex.889,Gráfica Subterránea,,,,,,,,presencial,baja,https://web.archive.org/web/20220119/https://museolatertulia.com/category/exposiciones/,Captura ene. 2022,colectiva,
ex.890,El aroma en construcción,2022-02,,2022,,Paola Tafur,,,presencial,baja,https://web.archive.org/web/20230120/https://museolatertulia.com/reserva-abiertapor-fin-cali-sabra-lo-que-tiene,'Ganadora de Estímulos'; fecha = archivo mensual,,
ex.891,VII Salón BAT de Arte Popular. Colombia y el medio ambiente,2022-03,,2022,,,,BAT,itinerante,baja,https://web.archive.org/web/20250215/https://museolatertulia.com/2022/03/,Fecha = archivo mensual,colectiva,
ex.892,21 obras en el cambio de tiempo,2022-03,2023-05-28,2022,,,,Ministerio de Cultura,colección,media,https://web.archive.org/web/20250215/https://museolatertulia.com/21-obras-en-el-cambio-de-tiempo,"Convocatoria Reactivarte 20x21; 21 artistas y colectivos, no nombrados en el extracto",colectiva,
ex.893,La cura para vos,2022-05,,2022,,,,,presencial,baja,https://web.archive.org/web/20250215/https://museolatertulia.com/2022/05/,Fecha = archivo mensual,,
ex.894,Ir adentro,2022-05,,2022,,,,,presencial,baja,https://web.archive.org/web/20250215/https://museolatertulia.com/2022/05/,Fecha = archivo mensual,,
ex.895,Exposición de Museo + Escuela,2022-05,,2022,,,,Bancolombia,educativa,baja,https://web.archive.org/web/20250215/https://museolatertulia.com/exposicion-de-museo-escuela,Fecha = publicación,colectiva,
ex.896,EOCL,2018-07-12,,2018,,Alejandra Ramírez,Juan Pablo Velásquez,Lugar a Dudas,presencial,alta,https://web.archive.org/web/20241207/https://museolatertulia.com/eoclalejandra-ramirez,Fecha = publicación (2022-07-31). BLOC; la fecha de la web (2022) era de publicación,,"Exposiciones 2018/BLOC (invitación, jueves 12 de julio)"
ex.897,Piel es,2022-07-28,2022-11-26,2022,,Andrea Rey,Yohanna M. Roa,Universidad Icesi; MinCiencias,presencial,alta,https://web.archive.org/web/20241207/https://museolatertulia.com/piel-es,,,
ex.898,"Deshilar, la revolución cotidiana",2022-07-28,,2022,,"Adrien Chauvin Picard, Alix Quirama, Andrea Rey, Ani Ganzala, Camila Rodríguez Triana, Carmenza Estrada, Cecilia Vicuña, Costurero Dapa, Costurero Electrónico, Daniela Whaley, Edith Medina, Florencia Alonso, Holman Álvarez, Irma Sofía Poeter, Juana Gómez, Juliana Silva, Laura Campaz, Lilia Ziamou, Lina Puerta, Luz Lizarazo, María del Carmen Espinosa, María del Pilar Vergel, María José Durán Steinman, Mariana Guimaraes, Maritza Sánchez H., Miriam Martínez, Miriam Medrez, Ornella Ridone, Pablo Van Wong",,,presencial,media,https://web.archive.org/web/20241207/https://museolatertulia.com/deshilar-la-revolucion-cotidiana,Lista de artistas truncada en la captura,,
ex.899,"Hacer ver. Provocar el archivo, agitar el museo",2022-12,,2022,,,,,colección,baja,https://web.archive.org/web/20241207/https://museolatertulia.com/hacer-ver-provocar-el-archivo-agitar-el-museo,Fecha = publicación; exposición por capítulos (ver Ingeniería de la visión),colectiva,
ex.900,Cicatrices,2023,,2023,,Luz Lizarazo,,,presencial,baja,https://web.archive.org/web/20250215/https://museolatertulia.com/exposicion-de-museo-escuela,'Exposición institucional dedicada a la obra de Luz Lizarazo'; año por agenda 2023,,
ex.901,Reimaginando Potrero Grande,,2023-10-20,,,,,Alianza 4U; Tecnocentro Cultural Somos Pacífico; Artolución,comunitaria,media,https://web.archive.org/web/20231206/https://museolatertulia.com/exposicion-reimaginando-potrero-grande-un-viaje-artistico-y-tecnologico,,,
ex.902,Museo + Escuela. Muestra de proyectos 2022-2023,2023-08-12,2024-05,2023,Sala Alterna,,,Bancolombia,educativa,media,https://web.archive.org/web/20250215/https://museolatertulia.com/museo-escuela-muestra-de-proyectos-2022-2023-2,,colectiva,
ex.903,Entre agua y raíces. Las luchas de La Chiqui en las montañas del Chocó,2023-08-12,2024-03,2023,,Gabriela Pinilla,,,presencial,alta,https://web.archive.org/web/20250215/https://museolatertulia.com/entre-agua-y-raices-las-luchas-de-la-chiqui-en-las-montanas-del-choco-2-2,,,
ex.904,Wildlife Photographer of the Year,2023-10,,2023,,,,Museo de Historia Natural de Londres,itinerante,baja,https://web.archive.org/web/20250215/https://museolatertulia.com/wildlife-photographer-of-the-year-2024-fotografo-de-vida-silvestre-del-ano-2024,Publicado 2023-10-25 pero el título dice '2024': verificar,colectiva,
ex.905,"Huellas de desaparición. Los casos de Urabá, Palacio de Justicia y territorio nukak",2023-12-14,2024-06-28,2023,,Forensic Architecture,,Comisión de la Verdad,presencial,alta,https://web.archive.org/web/20250215/https://museolatertulia.com/huellas-de-desaparicion-los-casos-de-uraba-palacio-de-justicia-y-territorio-nukak,,,
ex.906,Sendero de las esculturas,,,,Exteriores del museo,,,,permanente,baja,https://web.archive.org/web/20250215/https://museolatertulia.com/2024/01/,'Exposición permanente. Entrada libre',,
ex.907,"Huellas comunes. Sala de encuentro, escucha y amplificación",2024-01-14,2024-05,2024,,,,,sala didáctica,media,https://web.archive.org/web/20250215/https://museolatertulia.com/huellas-comunes,,,
ex.908,Imaginar el fuego de la memoria,2024-04,2024-06,2024,,,,,presencial,media,https://web.archive.org/web/20250215/https://museolatertulia.com/imaginar-el-fuego-de-la-memoria,Resultado de talleres audiovisuales con comunidades afro,,
ex.909,Ingeniería de la visión,2024-06-15,2024-09,2024,,,,,colección,media,https://web.archive.org/web/20250215/https://museolatertulia.com/15129-2,"Capítulo de 'Hacer ver, provocar el archivo, agitar el museo'",colectiva,
ex.910,El arte de ser moderno. Ecos bauhausianos en Industrias Metálicas de Palmira,2024-07-30,2025-03,2024,,Diego Henao,María Astrid Ríos,Industrias Metálicas de Palmira,presencial,alta,https://web.archive.org/web/20250215/https://museolatertulia.com/el-arte-de-ser-moderno-ecos-bauhausianos-en-industrias-metalicas-de-palmira,Diego Henao: artista en colaboración curatorial,,
ex.911,El mundo entero es una Bauhaus,2024-07-30,2025-03,2024,,,Boris Friedewald,ZKM,itinerante,alta,https://web.archive.org/web/20241207/https://museolatertulia.com/el-mundo-entero-es-una-bauhaus,,colectiva,
ex.912,El árbol que devoró un mundo: los rumbos del caucho en La vorágine,2024-10,2025-03,2024,,,"Erna von der Walde, Ximena Gama","Piedra Tijera Papel; Ministerio de las Culturas, las Artes y los Saberes; Biblioteca Nacional de Colombia",itinerante,alta,https://web.archive.org/web/20250215/https://museolatertulia.com/el-arbol-que-devoro-un-mundo-los-rumbos-del-caucho-en-la-voragine,,,
ex.913,Espesuras. Habitar un mundo herido,2024-10,2025-03,2024,,,,,presencial,media,https://web.archive.org/web/20250215/https://museolatertulia.com/espesura-habitar-un-mundo-herido-2,,,
ex.914,Fuego,2024-12,,2024,,Gerson Vargas,,,presencial,media,https://web.archive.org/web/20250215/https://museolatertulia.com/fuego,Fecha = publicación (2024-12-04),,
ex.915,Mateo López. Pasado futurista,2025-10-23,2026-07-19,2025,Sala Maritza Uribe de Urdinola,Mateo López,Julien Petit,,presencial,alta,https://www.museolatertulia.co/#exposiciones,"Web actual, consultada 2026-10-03",,
ex.916,Espejo de luz,2026-06-12,2026-08-08,2026,"Edificio de la Colección, tercer piso",,,,itinerante,media,https://www.museolatertulia.co/#exposiciones,"Web actual, consultada 2026-10-03",,
ex.917,Carlos Garaicoa. Ciudad Armero,2026-07-17,2026-08-30,2026,"Edificio de la Colección, primer piso",Carlos Garaicoa,Óscar Roldán,,presencial,alta,https://www.museolatertulia.co/#exposiciones,"Web actual, consultada 2026-10-03",,
ex.918,La obra arquitectónica de Le Corbusier,2019,2019-06,2019,Jardines del museo,Le Corbusier,,,presencial,media,https://web.archive.org/web/20230120/https://museolatertulia.com/category/exposiciones/page/2/,Sin fecha. Fundación Le Corbusier; 17 obras patrimonio Unesco,,Exposiciones 2018/Sticker programación/MAYO ('hasta junio 2019')
ex.919,Los lirios del campo y las aves del cielo,,,,,,,,presencial,baja,https://web.archive.org/web/20230120/https://museolatertulia.com/category/exposiciones/page/2/,Instalación sobre Kierkegaard; sin fecha,,
ex.920,Siete intelectuales en el bosque de bambú,,,,,Yang Fudong,,,presencial,baja,https://web.archive.org/web/20241207/https://museolatertulia.com/de-frente-me-escondopower-paola,Solo en listado; sin fecha,,
ex.921,Requiem NN,,,,,Juan Manuel Echavarría,,,presencial,baja,https://web.archive.org/web/20241207/https://museolatertulia.com/aula-flexiblesala-taller,Solo en listado; sin fecha,,
ex.922,Ensayos para un mundo perfecto. Salón de Arte BBVA. Nuevos nombres,,,,,,,BBVA,salón,baja,https://web.archive.org/web/20241207/https://museolatertulia.com/aula-flexiblesala-taller,Solo en listado; sin fecha,colectiva,
ex.923,Rogelio Salmona. Espacios abiertos / espacios colectivos,,,,,Rogelio Salmona,,,presencial,baja,https://web.archive.org/web/20250215/https://museolatertulia.com/ir-adentro,Solo en listado; sin fecha,,
ex.924,Sin novedad en la noche,,,,,,,,presencial,baja,https://web.archive.org/web/20230120/https://museolatertulia.com/el-caracter-de-la-tradicion-en-la-arquitectura-debarney-tavora-coderch,Solo en listado; sin fecha,,
ex.925,Sala didáctica La escena,,,,,,,,sala didáctica,baja,https://web.archive.org/web/20241207/https://museolatertulia.com/de-frente-me-escondopower-paola,Solo en listado; sin fecha,,
ex.926,Auditum. Semana de la Escucha 2020,2020,,2020,,,,Parque Explora,festival,baja,https://web.archive.org/web/20230120/https://museolatertulia.com/la-union-que-separa-las-cosasun-proyecto-de-bloc-2018,Solo en listado,,
ex.927,La Escena. Sala didáctica,2017-01-28,,2017,Sala Subterránea,,,,sala didáctica,media,,Fecha = apertura,,EXPOSICIONES 2017/LA ESCENA sala sub
ex.928,"Breyner Huertas. XVI Salón Regional de Artistas, Zona Pacífico",2017-07-19,2017-09-03,2017,Sala Alterna,Breyner Huertas,Miguel González,Ministerio de Cultura,presencial,alta,,Beca para exposición individual del XVI Salón Regional; el título exacto no aparece en las piezas,individual,EXPOSICIONES 2017/Breyner - Salón Regional
ex.929,Radiar memorias. Diálogos con el Carare,2017-08-21,2017-09-14,2017,Casa Obeso Mejía,Fundación Sub/Liminal,,Centro Nacional de Memoria Histórica,laboratorio,alta,,Beca de proyectos museográficos en memoria histórica 2016,,EXPOSICIONES 2017/Radiar Memorias - Casa Obeso
ex.930,Revelar la mirada. Sala didáctica Karen Lamassonne,2017-08,2017-11-18,2017,Sala Subterránea,Karen Lamassonne,,,sala didáctica,media,,,,Banners 2017/Boletín profesore
ex.931,El Río suena. Temporada de laboratorios,2017-12-14,2018-01-14,2017,Jardines del museo,,,,laboratorio,media,,Laboratorios a cargo de Juan López y Alejandro Villegas Pabón,,EXPOSICIONES 2017/El Río suena
ex.932,Joint Venture. Museo Popular de Siloé en el Museo La Tertulia,2018-07-28,2018-09-30,2018,"Sala Jugar al Museo, primer piso de la colección",Museo Popular de Siloé,,,comunitaria,alta,,,,Exposiciones 2018/Museo Popular de Siloé
