id_expo,campo,texto,id_asignado
ex.546,apoyan_auspicia,Dirección de cultura del municipio de Cali,n.1
ex.831,apoyan_auspicia,LIMA,n.2
ex.831,apoyan_auspicia,De Appel,n.3
ex.832,artistas,Benoit Pype,n.4
ex.832,artistas,Bernardo Oritz,n.5
ex.832,artistas,Fabien Giraud,n.6
ex.832,artistas,Raphael Siboni,n.7
ex.832,artistas,John Mario Ortiz,n.8
ex.832,artistas,Julien Prévieux,n.9
ex.832,artistas,Kader Attia,n.10
ex.832,artistas,Laurent Grasso,n.11
ex.833,artistas,Erick Beltrán,n.12
ex.833,curadores,Lina López,n.13
ex.834,curadores,Andrés Matute Echeverri,n.14
ex.836,apoyan_auspicia,Barrilete,n.15
ex.837,artistas,Mariángela Aponte,n.16
ex.839,artistas,Carlos Amorales,n.17
ex.840,artistas,Julio Giraldo,n.18
ex.840,artistas,Lina Hincapié,n.19
ex.840,artistas,Felipe Leal,n.20
ex.840,artistas,Carolina Charry,n.21
ex.840,artistas,Vanessa Ortiz,n.22
ex.840,artistas,Carolina Torres,n.23
ex.840,artistas,Carolina Navas,n.24
ex.840,artistas,Nois Radio,n.25
ex.841,curadores,Alberto Campuzano,n.26
ex.841,curadores,Lorena Díez,n.27
ex.842,artistas,Artesanal Tecnológica,n.28
ex.842,apoyan_auspicia,Universidad Icesi,n.29
ex.843,artistas,Sonnia Yepez,n.30
ex.846,artistas,Adriana Ciudad,n.31
ex.846,artistas,Nidia Góngora,n.32
ex.846,artistas,C. S. Prince,n.33
ex.847,artistas,Gráficas Molinari,n.34
ex.848,artistas,Carolina Charry,n.21
ex.848,curadores,Ximena Gama,n.35
ex.850,apoyan_auspicia,World Press Photo,n.36
ex.853,curadores,Olga C. Eusse González,n.37
ex.854,apoyan_auspicia,Secretaría de Cultura de Cali,n.38
ex.855,artistas,Benjamín Barney,n.39
ex.855,artistas,Fernando Távora,n.40
ex.855,artistas,José Antonio Coderch,n.41
ex.855,curadores,Andrés Felipe Erazo Barco,n.42
ex.855,curadores,Antonio Armesto Aira,n.43
ex.855,curadores,Manuel Augusto Mendes Soares,n.44
ex.856,artistas,Julieth Morales,n.45
ex.857,artistas,Vanessa Ortiz,n.22
ex.857,curadores,Johan Samboní,n.46
ex.858,artistas,Christian Velásquez,n.47
ex.859,curadores,María Belén Sáez de Ibarra,n.48
ex.860,apoyan_auspicia,Semillero de Investigación Litoralidades,n.49
ex.862,apoyan_auspicia,Museo de Memoria de Colombia,n.50
ex.863,artistas,Mónica Vilá,n.51
ex.865,curadores,Adriana Castellanos Olmedo,n.52
ex.867,artistas,Solimán López,n.53
ex.867,apoyan_auspicia,Parque Explora,n.54
ex.867,apoyan_auspicia,Planetario de Bogotá,n.55
ex.867,apoyan_auspicia,Casa de América,n.56
ex.868,artistas,Mario Alvarez,n.57
ex.868,artistas,Tatiana Cañón,n.58
ex.868,artistas,Idamo Correal,n.59
ex.868,artistas,Tatiana Díaz,n.60
ex.868,artistas,Angélica Franco,n.61
ex.868,artistas,Luisa Gallo,n.62
ex.868,artistas,María Adelaida Garavito Velásquez,n.63
ex.868,artistas,Natalia García,n.64
ex.868,artistas,Sebastián García,n.65
ex.868,artistas,María José González,n.66
ex.868,artistas,Miguel Ángel Gutiérrez,n.67
ex.868,artistas,Yaví Leal,n.68
ex.868,artistas,Luisa Fernanda Moreno Osuna,n.69
ex.868,artistas,Alexander Mueses,n.70
ex.868,artistas,Mariana Ortíz Navarro,n.71
ex.868,artistas,Luisa Rivera,n.72
ex.868,artistas,Tomás Rubio,n.73
ex.868,artistas,Paula Rodríguez,n.74
ex.868,artistas,Stefany Ordóñez,n.75
ex.868,apoyan_auspicia,Universidad El Bosque,n.76
ex.869,curadores,David Vélez,n.77
ex.872,apoyan_auspicia,Kadist,n.78
ex.872,apoyan_auspicia,Espacio Odeón,n.79
ex.873,artistas,Stephanie Montes,n.80
ex.874,artistas,Línea Roja Producciones,n.81
ex.875,artistas,Catalina Jaramillo Quijano,n.82
ex.875,curadores,Luz Adriana Hoyos,n.83
ex.877,apoyan_auspicia,Secretaría de Cultura de Cali,n.38
ex.878,artistas,Acumulaciones Taller,n.84
ex.879,artistas,Paula Solarte,n.85
ex.880,apoyan_auspicia,Biblioteca Pública Centro Cultural Comuna 1,n.86
ex.881,artistas,Jose Ruiz Díaz,n.87
ex.881,artistas,Laura Campaz,n.88
ex.881,artistas,Colectivo Monómero,n.89
ex.881,artistas,Dayana Camacho,n.90
ex.881,artistas,Johan Samboní,n.46
ex.881,artistas,Carolina Charry,n.21
ex.881,artistas,Miguel Escobar,n.91
ex.882,artistas,Pablo Wilson Córdoba Saa,n.92
ex.882,apoyan_auspicia,BAT,n.93
ex.885,curadores,Lina Saavedra de La Cruz,n.94
ex.885,curadores,Adriana Castellanos Olmedos,n.95
ex.885,curadores,Pavel Andrés Vernaza Ortiz,n.96
ex.886,artistas,Johan Samboní,n.46
ex.886,artistas,Sergio Lasso Estudio,n.97
ex.886,artistas,Colectivo Deúniti,n.98
ex.886,curadores,Eva Parra,n.99
ex.886,curadores,Carlos Uribe,n.100
ex.886,apoyan_auspicia,Fundación SURA,n.101
ex.887,artistas,Ana González,n.102
ex.891,apoyan_auspicia,BAT,n.93
ex.896,artistas,Alejandra Ramírez,n.103
ex.896,curadores,Juan Pablo Velásquez,n.104
ex.897,apoyan_auspicia,Universidad Icesi,n.29
ex.897,apoyan_auspicia,MinCiencias,n.105
ex.898,artistas,Adrien Chauvin Picard,n.106
ex.898,artistas,Alix Quirama,n.107
ex.898,artistas,Ani Ganzala,n.108
ex.898,artistas,Camila Rodríguez Triana,n.109
ex.898,artistas,Cecilia Vicuña,n.110
ex.898,artistas,Costurero Dapa,n.111
ex.898,artistas,Costurero Electrónico,n.112
ex.898,artistas,Daniela Whaley,n.113
ex.898,artistas,Edith Medina,n.114
ex.898,artistas,Florencia Alonso,n.115
ex.898,artistas,Holman Álvarez,n.116
ex.898,artistas,Irma Sofía Poeter,n.117
ex.898,artistas,Juana Gómez,n.118
ex.898,artistas,Juliana Silva,n.119
ex.898,artistas,Laura Campaz,n.88
ex.898,artistas,Lilia Ziamou,n.120
ex.898,artistas,Lina Puerta,n.121
ex.898,artistas,María del Carmen Espinosa,n.122
ex.898,artistas,María del Pilar Vergel,n.123
ex.898,artistas,María José Durán Steinman,n.124
ex.898,artistas,Mariana Guimaraes,n.125
ex.898,artistas,Maritza Sánchez H,n.126
ex.898,artistas,Miriam Martínez,n.127
ex.898,artistas,Miriam Medrez,n.128
ex.898,artistas,Ornella Ridone,n.129
ex.901,apoyan_auspicia,Alianza 4U,n.130
ex.901,apoyan_auspicia,Tecnocentro Cultural Somos Pacífico,n.131
ex.901,apoyan_auspicia,Artolución,n.132
ex.903,artistas,Gabriela Pinilla,n.133
ex.904,apoyan_auspicia,Museo de Historia Natural de Londres,n.134
ex.905,artistas,Forensic Architecture,n.135
ex.905,apoyan_auspicia,Comisión de la Verdad,n.136
ex.910,artistas,Diego Henao,n.137
ex.910,curadores,María Astrid Ríos,n.138
ex.910,apoyan_auspicia,Industrias Metálicas de Palmira,n.139
ex.911,curadores,Boris Friedewald,n.140
ex.911,apoyan_auspicia,ZKM,n.141
ex.912,curadores,Erna von der Walde,n.142
ex.912,curadores,Ximena Gama,n.35
ex.912,apoyan_auspicia,Piedra Tijera Papel,n.143
ex.912,apoyan_auspicia,"Ministerio de las Culturas, las Artes y los Saberes",n.144
ex.912,apoyan_auspicia,Biblioteca Nacional de Colombia,n.145
ex.914,artistas,Gerson Vargas,n.146
ex.915,artistas,Mateo López,n.147
ex.915,curadores,Julien Petit,n.148
ex.917,artistas,Carlos Garaicoa,n.149
ex.918,artistas,Le Corbusier,n.150
ex.926,apoyan_auspicia,Parque Explora,n.54
ex.929,artistas,Fundación Sub/Liminal,n.151
ex.929,apoyan_auspicia,Centro Nacional de Memoria Histórica,n.152
ex.932,artistas,Museo Popular de Siloé,n.153
